"Source:","C:\Users\soy\Documents\msm2\msm2.kicad_sch"
"Date:","2022/9/10 17:26:27"
"Tool:","Eeschema (6.0.5)"
"Generator:","C:\Program Files\KiCad\6.0\bin\scripting\plugins/bom_csv_grouped_by_value.py"
"Component Count:","65"

"Individual Components:"

"Item","Qty","Reference(s)","Value","LibPart","Footprint","Datasheet"
"","","BT1","CR2032","Device:Battery_Cell","Battery:BatteryHolder_Keystone_3002_1x2032","~"
"","","C1","2.2uF","Device:C_Small","Capacitor_SMD:C_0603_1608Metric_Pad1.08x0.95mm_HandSolder","~"
"","","C2","2.2uF","Device:C_Small","Capacitor_SMD:C_0603_1608Metric_Pad1.08x0.95mm_HandSolder","~"
"","","C3","10uF","Device:C_Polarized_Small_US","Capacitor_Tantalum_SMD:CP_EIA-3528-15_AVX-H_Pad1.50x2.35mm_HandSolder","~"
"","","C4","100nF","Device:C_Small","Capacitor_SMD:C_0603_1608Metric_Pad1.08x0.95mm_HandSolder","~"
"","","C5","100nF","Device:C_Small","Capacitor_SMD:C_0603_1608Metric_Pad1.08x0.95mm_HandSolder","~"
"","","C6","100nF","Device:C_Small","Capacitor_SMD:C_0603_1608Metric_Pad1.08x0.95mm_HandSolder","~"
"","","C7","10uF","Device:C_Polarized_Small_US","Capacitor_Tantalum_SMD:CP_EIA-3528-15_AVX-H_Pad1.50x2.35mm_HandSolder","~"
"","","C8","100nF","Device:C_Small","Capacitor_SMD:C_0603_1608Metric_Pad1.08x0.95mm_HandSolder","~"
"","","C9","100nF","Device:C_Small","Capacitor_SMD:C_0603_1608Metric_Pad1.08x0.95mm_HandSolder","~"
"","","C10","100nF","Device:C_Small","Capacitor_SMD:C_0603_1608Metric_Pad1.08x0.95mm_HandSolder","~"
"","","C11","100nF","Device:C_Small","Capacitor_SMD:C_0603_1608Metric_Pad1.08x0.95mm_HandSolder","~"
"","","C12","100nF","Device:C_Small","Capacitor_SMD:C_0603_1608Metric_Pad1.08x0.95mm_HandSolder","~"
"","","C13","100nF","Device:C_Small","Capacitor_SMD:C_0603_1608Metric_Pad1.08x0.95mm_HandSolder","~"
"","","C14","100nF","Device:C_Small","Capacitor_SMD:C_0603_1608Metric_Pad1.08x0.95mm_HandSolder","~"
"","","C15","100nF","Device:C_Small","Capacitor_SMD:C_0603_1608Metric_Pad1.08x0.95mm_HandSolder","~"
"","","C16","100nF","Device:C_Small","Capacitor_SMD:C_0603_1608Metric_Pad1.08x0.95mm_HandSolder","~"
"","","C17","100nF","Device:C_Small","Capacitor_SMD:C_0603_1608Metric_Pad1.08x0.95mm_HandSolder","~"
"","","C18","100nF","Device:C_Small","Capacitor_SMD:C_0603_1608Metric_Pad1.08x0.95mm_HandSolder","~"
"","","C19","100nF","Device:C_Small","Capacitor_SMD:C_0603_1608Metric_Pad1.08x0.95mm_HandSolder","~"
"","","C20","4.7uF","Device:C_Small","Capacitor_SMD:C_0805_2012Metric_Pad1.18x1.45mm_HandSolder","~"
"","","C21","100nF","Device:C_Small","Capacitor_SMD:C_0603_1608Metric_Pad1.08x0.95mm_HandSolder","~"
"","","C22","15pF","Device:C_Small","Capacitor_SMD:C_0603_1608Metric_Pad1.08x0.95mm_HandSolder","~"
"","","C23","15pF","Device:C_Small","Capacitor_SMD:C_0603_1608Metric_Pad1.08x0.95mm_HandSolder","~"
"","","C24","15pF","Device:C_Small","Capacitor_SMD:C_0603_1608Metric_Pad1.08x0.95mm_HandSolder","~"
"","","C25","15pF","Device:C_Small","Capacitor_SMD:C_0603_1608Metric_Pad1.08x0.95mm_HandSolder","~"
"","","C26","100nF","Device:C_Small","Capacitor_SMD:C_0603_1608Metric_Pad1.08x0.95mm_HandSolder","~"
"","","D1","LEDr","Device:LED","LED_SMD:LED_0603_1608Metric_Pad1.05x0.95mm_HandSolder","~"
"","","D2","LEDy","Device:LED","LED_SMD:LED_0603_1608Metric_Pad1.05x0.95mm_HandSolder","~"
"","","D3","LEDg","Device:LED","LED_SMD:LED_0603_1608Metric_Pad1.05x0.95mm_HandSolder","~"
"","","D4","LEDr","Device:LED","LED_SMD:LED_0603_1608Metric_Pad1.05x0.95mm_HandSolder","~"
"","","J1","PowerH","Connector_Generic:Conn_02x02_Odd_Even","Connector_PinHeader_2.54mm:PinHeader_2x02_P2.54mm_Vertical","~"
"","","J2","PowerL","Connector_Generic:Conn_02x02_Odd_Even","Connector_PinHeader_2.54mm:PinHeader_2x02_P2.54mm_Vertical","~"
"","","J3","USB_vcc","Connector:USB_B_Micro","Connector_USB:USB_Micro-B_GCT_USB3076-30-A","~"
"","","J4","Conn_ARM_JTAG_SWD_20","Connector:Conn_ARM_JTAG_SWD_20","Connector_IDC:IDC-Header_2x10_P2.54mm_Vertical","http://infocenter.arm.com/help/topic/com.arm.doc.dui0499b/DUI0499B_system_design_reference.pdf"
"","","J5","usb_new","New_Library:usb_new","Connector_USB:USB_Micro-B_GCT_USB3076-30-A",""
"","","J6","JUMP_usb","Connector_Generic:Conn_02x01","Connector_PinHeader_2.54mm:PinHeader_2x01_P2.54mm_Vertical","~"
"","","J7","JUMP_vdd","Connector_Generic:Conn_02x02_Odd_Even","Connector_PinHeader_2.54mm:PinHeader_2x02_P2.54mm_Vertical","~"
"","","J8","JUMP_gnd","Connector_Generic:Conn_02x01","Connector_PinHeader_2.54mm:PinHeader_2x01_P2.54mm_Vertical","~"
"","","J9","Conn_01x36","Connector_Generic:Conn_01x36","Connector_PinHeader_2.54mm:PinHeader_1x36_P2.54mm_Vertical","~"
"","","J10","Conn_01x36","Connector_Generic:Conn_01x36","Connector_PinHeader_2.54mm:PinHeader_1x36_P2.54mm_Vertical","~"
"","","J11","Conn_01x36","Connector_Generic:Conn_01x36","Connector_PinHeader_2.54mm:PinHeader_1x36_P2.54mm_Vertical","~"
"","","J12","Conn_01x36","Connector_Generic:Conn_01x36","Connector_PinHeader_2.54mm:PinHeader_1x36_P2.54mm_Vertical","~"
"","","R1","120R","Device:R","Resistor_SMD:R_0603_1608Metric_Pad0.98x0.95mm_HandSolder","~"
"","","R2","120R","Device:R","Resistor_SMD:R_0603_1608Metric_Pad0.98x0.95mm_HandSolder","~"
"","","R3","120R","Device:R","Resistor_SMD:R_0603_1608Metric_Pad0.98x0.95mm_HandSolder","~"
"","","R4","2k","Device:R","Resistor_SMD:R_0603_1608Metric_Pad0.98x0.95mm_HandSolder","~"
"","","R5","2k","Device:R","Resistor_SMD:R_0603_1608Metric_Pad0.98x0.95mm_HandSolder","~"
"","","R6","2k","Device:R","Resistor_SMD:R_0603_1608Metric_Pad0.98x0.95mm_HandSolder","~"
"","","R7","2k","Device:R","Resistor_SMD:R_0603_1608Metric_Pad0.98x0.95mm_HandSolder","~"
"","","R8","2k","Device:R","Resistor_SMD:R_0603_1608Metric_Pad0.98x0.95mm_HandSolder","~"
"","","R9","2k","Device:R","Resistor_SMD:R_0603_1608Metric_Pad0.98x0.95mm_HandSolder","~"
"","","R10","120R","Device:R","Resistor_SMD:R_0603_1608Metric_Pad0.98x0.95mm_HandSolder","~"
"","","R11","2k","Device:R","Resistor_SMD:R_0603_1608Metric_Pad0.98x0.95mm_HandSolder","~"
"","","R12","2k","Device:R","Resistor_SMD:R_0603_1608Metric_Pad0.98x0.95mm_HandSolder","~"
"","","SW1","SW_Push","Switch:SW_Push","Library:SW_Push_6x3.6mm_H2.5mm","~"
"","","SW2","SW_Push1","Switch:SW_Push","Library:SW_Push_6x3.6mm_H2.5mm","~"
"","","SW3","SW_Push2","Switch:SW_Push","Library:SW_Push_6x3.6mm_H2.5mm","~"
"","","SW4","SW_Push3","Switch:SW_Push","Library:SW_Push_6x3.6mm_H2.5mm","~"
"","","SW5","SW_Push","Switch:SW_Push","Library:SW_Push_6x3.6mm_H2.5mm","~"
"","","U1","STM32F407ZETx","MCU_ST_STM32F4:STM32F407ZETx","Package_QFP:LQFP-144_20x20mm_P0.5mm","http://www.st.com/st-web-ui/static/active/en/resource/technical/document/datasheet/DM00037051.pdf"
"","","U2","AMS1117-3.3","Regulator_Linear:AMS1117-3.3","Package_TO_SOT_SMD:SOT-223-3_TabPin2","http://www.advanced-monolithic.com/pdf/ds1117.pdf"
"","","U3","CH340C","Interface_USB:CH340C","Package_SO:SOIC-16_3.9x9.9mm_P1.27mm","https://datasheet.lcsc.com/szlcsc/Jiangsu-Qin-Heng-CH340C_C84681.pdf"
"","","Y1","25M","Device:Crystal_GND24_Small","Crystal:Crystal_SMD_3225-4Pin_3.2x2.5mm_HandSoldering","~"
"","","Y2","32.768k","Device:Crystal_Small","Crystal:Crystal_SMD_3215-2Pin_3.2x1.5mm","~"



"Collated Components:"

"Item","Qty","Reference(s)","Value","LibPart","Footprint","Datasheet"
"1","1","BT1","CR2032","Device:Battery_Cell","Battery:BatteryHolder_Keystone_3002_1x2032","~"
"2","2","C1, C2","2.2uF","Device:C_Small","Capacitor_SMD:C_0603_1608Metric_Pad1.08x0.95mm_HandSolder","~"
"3","2","C3, C7","10uF","Device:C_Polarized_Small_US","Capacitor_Tantalum_SMD:CP_EIA-3528-15_AVX-H_Pad1.50x2.35mm_HandSolder","~"
"4","17","C4, C5, C6, C8, C9, C10, C11, C12, C13, C14, C15, C16, C17, C18, C19, C21, C26","100nF","Device:C_Small","Capacitor_SMD:C_0603_1608Metric_Pad1.08x0.95mm_HandSolder","~"
"5","1","C20","4.7uF","Device:C_Small","Capacitor_SMD:C_0805_2012Metric_Pad1.18x1.45mm_HandSolder","~"
"6","4","C22, C23, C24, C25","15pF","Device:C_Small","Capacitor_SMD:C_0603_1608Metric_Pad1.08x0.95mm_HandSolder","~"
"7","2","D1, D4","LEDr","Device:LED","LED_SMD:LED_0603_1608Metric_Pad1.05x0.95mm_HandSolder","~"
"8","1","D2","LEDy","Device:LED","LED_SMD:LED_0603_1608Metric_Pad1.05x0.95mm_HandSolder","~"
"9","1","D3","LEDg","Device:LED","LED_SMD:LED_0603_1608Metric_Pad1.05x0.95mm_HandSolder","~"
"10","1","J1","PowerH","Connector_Generic:Conn_02x02_Odd_Even","Connector_PinHeader_2.54mm:PinHeader_2x02_P2.54mm_Vertical","~"
"11","1","J2","PowerL","Connector_Generic:Conn_02x02_Odd_Even","Connector_PinHeader_2.54mm:PinHeader_2x02_P2.54mm_Vertical","~"
"12","1","J3","USB_vcc","Connector:USB_B_Micro","Connector_USB:USB_Micro-B_GCT_USB3076-30-A","~"
"13","1","J4","Conn_ARM_JTAG_SWD_20","Connector:Conn_ARM_JTAG_SWD_20","Connector_IDC:IDC-Header_2x10_P2.54mm_Vertical","http://infocenter.arm.com/help/topic/com.arm.doc.dui0499b/DUI0499B_system_design_reference.pdf"
"14","1","J5","usb_new","New_Library:usb_new","Connector_USB:USB_Micro-B_GCT_USB3076-30-A",""
"15","1","J6","JUMP_usb","Connector_Generic:Conn_02x01","Connector_PinHeader_2.54mm:PinHeader_2x01_P2.54mm_Vertical","~"
"16","1","J7","JUMP_vdd","Connector_Generic:Conn_02x02_Odd_Even","Connector_PinHeader_2.54mm:PinHeader_2x02_P2.54mm_Vertical","~"
"17","1","J8","JUMP_gnd","Connector_Generic:Conn_02x01","Connector_PinHeader_2.54mm:PinHeader_2x01_P2.54mm_Vertical","~"
"18","4","J9, J10, J11, J12","Conn_01x36","Connector_Generic:Conn_01x36","Connector_PinHeader_2.54mm:PinHeader_1x36_P2.54mm_Vertical","~"
"19","4","R1, R2, R3, R10","120R","Device:R","Resistor_SMD:R_0603_1608Metric_Pad0.98x0.95mm_HandSolder","~"
"20","8","R4, R5, R6, R7, R8, R9, R11, R12","2k","Device:R","Resistor_SMD:R_0603_1608Metric_Pad0.98x0.95mm_HandSolder","~"
"21","2","SW1, SW5","SW_Push","Switch:SW_Push","Library:SW_Push_6x3.6mm_H2.5mm","~"
"22","1","SW2","SW_Push1","Switch:SW_Push","Library:SW_Push_6x3.6mm_H2.5mm","~"
"23","1","SW3","SW_Push2","Switch:SW_Push","Library:SW_Push_6x3.6mm_H2.5mm","~"
"24","1","SW4","SW_Push3","Switch:SW_Push","Library:SW_Push_6x3.6mm_H2.5mm","~"
"25","1","U1","STM32F407ZETx","MCU_ST_STM32F4:STM32F407ZETx","Package_QFP:LQFP-144_20x20mm_P0.5mm","http://www.st.com/st-web-ui/static/active/en/resource/technical/document/datasheet/DM00037051.pdf"
"26","1","U2","AMS1117-3.3","Regulator_Linear:AMS1117-3.3","Package_TO_SOT_SMD:SOT-223-3_TabPin2","http://www.advanced-monolithic.com/pdf/ds1117.pdf"
"27","1","U3","CH340C","Interface_USB:CH340C","Package_SO:SOIC-16_3.9x9.9mm_P1.27mm","https://datasheet.lcsc.com/szlcsc/Jiangsu-Qin-Heng-CH340C_C84681.pdf"
"28","1","Y1","25M","Device:Crystal_GND24_Small","Crystal:Crystal_SMD_3225-4Pin_3.2x2.5mm_HandSoldering","~"
"29","1","Y2","32.768k","Device:Crystal_Small","Crystal:Crystal_SMD_3215-2Pin_3.2x1.5mm","~"
